{"v":"5.6.6","ip":0,"op":160,"fr":60,"w":406,"h":406,"layers":[{"ind":931,"nm":"surface3750","ao":0,"ip":0,"op":264,"st":0,"ty":4,"ks":{"ty":"tr","o":{"k":100},"r":{"k":0},"p":{"k":[0,0]},"a":{"k":[0,0]},"s":{"k":[133.33,133.33]},"sk":{"k":0},"sa":{"k":0}},"shapes":[{"ty":"gr","hd":false,"nm":"surface3750","it":[{"ty":"gr","hd":false,"it":[{"ty":"sh","ks":{"k":{"i":[[0,0],[0,0],[0,0],[0,0],[0,0],[0,0],[0,0],[0,0]],"o":[[0,0],[0,0],[0,0],[0,0],[0,0],[0,0],[0,0],[0,0]],"v":[[264.75,211.05],[264.75,199.43],[247.5,193.5],[247.5,163.43],[264.75,157.5],[264.75,145.43],[192.9,172.35],[192.9,184.28]],"c":true}}},{"ty":"sh","ks":{"k":{"i":[[0,0],[0,0],[0,0],[0,0],[0,0]],"o":[[0,0],[0,0],[0,0],[0,0],[0,0]],"v":[[238.12,190.12],[203.1,178.5],[203.1,178.27],[238.05,166.5],[238.05,190.12]],"c":true}}},{"ty":"fl","o":{"a":1,"k":[{"i":{"x":[0.67],"y":[1]},"o":{"x":[0.33],"y":[0]},"t":59,"s":[0]},{"t":109,"s":[100]}],"ix":5},"c":{"k":[0.09,0.09,0.09,1]}},{"ty":"tr","o":{"k":100},"r":{"k":0},"p":{"k":[0,0]},"a":{"k":[0,0]},"s":{"k":[100,100]},"sk":{"k":0},"sa":{"k":0},"hd":false}]},{"ty":"gr","hd":false,"it":[{"ty":"sh","ks":{"k":{"i":[[0,0],[12.38,0],[3.45,-13.88],[8.02,0],[0,9],[-8.62,1.2],[0,0],[0,-16.35],[-12.45,0],[-3.07,11.25],[-9.15,0],[0,-11.55],[9.68,-0.82],[0,0],[0,18.23]],"o":[[0,-18],[-15.15,0],[-2.32,9.23],[-6.23,0],[0,-10.43],[0,0],[-14.48,1.12],[0,15.45],[13.65,0],[3.3,-13.05],[6.52,0],[0,13.5],[0,0],[16.12,-0.82],[0,0]],"v":[[266.18,56.77],[244.57,30.45],[222.6,57.38],[210.52,74.18],[201,60.53],[214.35,43.95],[214.35,32.48],[191.55,60.6],[211.12,85.73],[231.45,62.1],[245.25,42],[256.8,57.07],[240.6,77.1],[240.6,88.57],[266.18,56.77]],"c":true}}},{"ty":"fl","o":{"a":1,"k":[{"i":{"x":[0.67],"y":[1]},"o":{"x":[0.33],"y":[0]},"t":59,"s":[0]},{"t":109,"s":[100]}],"ix":5},"c":{"k":[0.09,0.09,0.09,1]}},{"ty":"tr","o":{"k":100},"r":{"k":0},"p":{"k":[0,0]},"a":{"k":[0,0]},"s":{"k":[100,100]},"sk":{"k":0},"sa":{"k":0},"hd":false}]},{"ty":"gr","hd":false,"it":[{"ty":"sh","ks":{"k":{"i":[[0,0],[15.45,0],[0,0],[0,0],[0,0],[0,-11.4],[11.17,0],[0,0],[0,0],[0,0],[0,19.73]],"o":[[0,-19.8],[0,0],[0,0],[0,0],[11.18,0],[0,11.32],[0,0],[0,0],[0,0],[15.45,0.08],[0,0]],"v":[[266.18,119.02],[240.38,90.9],[192.98,90.9],[192.98,102.07],[240.38,102.07],[256.65,119.02],[240.38,135.97],[192.98,135.97],[192.98,147],[240.38,147],[266.18,119.02]],"c":true}}},{"ty":"fl","o":{"a":1,"k":[{"i":{"x":[0.67],"y":[1]},"o":{"x":[0.33],"y":[0]},"t":59,"s":[0]},{"t":109,"s":[100]}],"ix":5},"c":{"k":[0.09,0.09,0.09,1]}},{"ty":"tr","o":{"k":100},"r":{"k":0},"p":{"k":[0,0]},"a":{"k":[0,0]},"s":{"k":[100,100]},"sk":{"k":0},"sa":{"k":0},"hd":false}]},{"ty":"gr","hd":false,"it":[{"ty":"sh","ks":{"k":{"i":[[0,0],[0,0],[0,0],[0,0],[0,0],[0,0],[0,0],[0,0],[0,0],[0,0],[0,0],[0,0]],"o":[[0,0],[0,0],[0,0],[0,0],[0,0],[0,0],[0,0],[0,0],[0,0],[0,0],[0,0],[0,0]],"v":[[264.75,269.93],[264.75,258.9],[232.5,258.9],[232.5,223.65],[264.75,223.65],[264.75,212.48],[192.9,212.48],[192.9,223.65],[222.97,223.65],[222.97,258.9],[192.9,258.9],[192.9,269.93]],"c":true}}},{"ty":"fl","o":{"a":1,"k":[{"i":{"x":[0.67],"y":[1]},"o":{"x":[0.33],"y":[0]},"t":59,"s":[0]},{"t":109,"s":[100]}],"ix":5},"c":{"k":[0.09,0.09,0.09,1]}},{"ty":"tr","o":{"k":100},"r":{"k":0},"p":{"k":[0,0]},"a":{"k":[0,0]},"s":{"k":[100,100]},"sk":{"k":0},"sa":{"k":0},"hd":false}]},{"ty":"gr","hd":false,"it":[{"ty":"gr","hd":false,"it":[{"ty":"sh","ks":{"k":{"i":[[0,0],[0,0]],"o":[[0,0],[0,0]],"v":[[203,405],[203,229.4]],"c":false}}},{"ty":"st","lc":1,"lj":1,"ml":10,"o":{"k":100},"w":{"k":1},"c":{"k":[0,0,0,1]},"hd":false},{"ty":"tr","o":{"k":100},"r":{"k":0},"p":{"k":[0,0]},"a":{"k":[0,0]},"s":{"k":[75,75]},"sk":{"k":0},"sa":{"k":0},"hd":false}]},{"ty":"tr","o":{"k":100},"r":{"k":0},"p":{"k":[0,0]},"a":{"k":[0,0]},"s":{"k":[100,100]},"sk":{"k":0},"sa":{"k":0},"hd":false}]},{"ty":"gr","hd":false,"it":[{"ty":"sh","ks":{"k":{"i":[[0,0],[0,0]],"o":[[0,0],[0,0]],"v":[[203,1],[203,168.9]],"c":false}}},{"ty":"st","lc":1,"lj":1,"ml":10,"o":{"k":100},"w":{"k":1},"c":{"k":[0,0,0,1]},"hd":false},{"ty":"tr","o":{"k":100},"r":{"k":0},"p":{"k":[0,0]},"a":{"k":[0,0]},"s":{"k":[75,75]},"sk":{"k":0},"sa":{"k":0},"hd":false}]},{"ty":"gr","hd":false,"it":[{"ty":"sh","ks":{"k":{"i":[[0,0],[0,0],[0,0],[0,0]],"o":[[0,0],[0,0],[0,0],[0,0]],"v":[[405,1],[1,1],[1,405],[405,405]],"c":true}}},{"ty":"st","lc":1,"lj":1,"ml":10,"o":{"k":100},"w":{"k":1},"c":{"k":[0,0,0,1]},"hd":false},{"ty":"tr","o":{"k":100},"r":{"k":0},"p":{"k":[0,0]},"a":{"k":[0,0]},"s":{"k":[75,75]},"sk":{"k":0},"sa":{"k":0},"hd":false}]},{"ty":"tr","o":{"k":100},"r":{"k":0},"p":{"k":[0,0]},"a":{"k":[0,0]},"s":{"k":[100,100]},"sk":{"k":0},"sa":{"k":0},"hd":false}]},{"ty":"tm","s":{"a":0,"k":0,"ix":1},"e":{"a":1,"k":[{"i":{"x":[0.27],"y":[1]},"o":{"x":[0.5],"y":[0]},"t":0,"s":[0]},{"t":66,"s":[100]}],"ix":2},"o":{"a":0,"k":0,"ix":3},"m":1,"ix":2,"hd":false}]}],"meta":{"g":"LF SVG to Lottie"}}